page,emails,phones
https://www.wpest.com,,4356738300 4356738300
https://www.laverypestcontrol.com,,8605952133 8605952133
https://mosquito-free.com,,7707044560
https://www.accelpest-oh.com,,3302671090
https://www.trulynolen.com,info@trulynolen.com,8004687859 8004687859 8004687859
https://www.colonialpc.com,,8655419511
https://www.combatpest.com,,7818262375
https://insightpestnorthwest.com,,2064530183 2084530183 2064530183
https://www.pisgahpestcontrol.com,finance@pisgahpestcontrol.com,
https://gregoryspestcontrol.com,,9543268287 9543268287
https://bustabugva.com,,7573300800 7578215420
